{
    "display": {
        "title": {
            "text": "Harder Crafting",
            "bold": false,
            "italic": false
        },
        "description": {
            "text": "You can only go up from here!",
            "color": "green"
        },
        "icon": {
            "item": "minecraft:netherite_sword",
            "nbt": "{Enchantments:[{id:\"minecraft:smite\",lvl:3}]}"
        },
        "frame": "task",
        "show_toast": true,
        "announce_to_chat": false,
        "hidden": false,
        "background": "minecraft:textures/gui/advancements/backgrounds/stone.png"
    },
    "criteria": {
        "norecipes": {
            "trigger": "minecraft:location",
            "conditions": {
                "dimension": "overworld"
            }
        }
    },
    "rewards": {

    },
    "parent":"insanemode:root"
}
