{
    "display": {
        "title": {
            "text": "SoggedSammich's Packs",
            "bold": false,
            "italic": false
        },
        "description": {
            "text": "The world has been tainted by SoggedSammich!",
            "color": "light_purple"
        },
        "icon": {
            "item": "minecraft:bread"
        },
        "frame": "task",
        "show_toast": true,
        "announce_to_chat": false,
        "hidden": true,
        "background": "minecraft:textures/gui/advancements/backgrounds/stone.png"
    },
    "criteria": {
        "norecipes": {
            "trigger": "minecraft:location",
            "conditions": {
                "dimension": "overworld"
            }
        }
    },
    "rewards": {

    },
    "parent":"minecraft:story/root"
}
