{
  "pools": [
    {
      "entries": [
        {
          "functions": [
            {
              "count": {
                "max": 2,
                "min": 0,
                "type": "minecraft:uniform"
              },
              "function": "minecraft:set_count"
            },
            {
              "count": {
                "max": 1,
                "min": 0
              },
              "function": "minecraft:looting_enchant"
            }
          ],
          "name": "minecraft:gunpowder",
          "type": "minecraft:item"
        }
      ],
      "rolls": 1
    },
    {
      "entries": [
        {
          "conditions": [
            {
              "condition": "minecraft:killed_by_player"
            },
            {
              "chance": 0.015,
              "condition": "minecraft:random_chance_with_looting",
              "looting_multiplier": 0
            }
          ],
          "functions": [
            {
              "function": "set_nbt",
              "tag": "{display:{Name:\"{\\\"text\\\":\\\"Creeper Statue\\\",\\\"color\\\":\\\"light_purple\\\",\\\"italic\\\":false}\"},HideFlags:1,minecraft:egg,minecraft:trophy,Enchantments:[{id:\"minecraft:efficiency\",lvl:1s}],EntityTag:{Silent:1b,DeathLootTable:\"insanemode:entities/trophy\",NoAI:1b,Health:1f,Tags:[\"buffed\",\"trophy\"],CustomName:\"{\\\"text\\\":\\\"Creeper\\\"}\",Attributes:[{Name:generic.maxHealth,Base:1}]}}"
            }
          ],
          "name": "minecraft:creeper_spawn_egg",
          "type": "item"
        }
      ],
      "rolls": 1
    },
    {
      "entries": [
        {
          "conditions": [
            {
              "condition": "minecraft:killed_by_player"
            },
            {
              "chance": 0.015,
              "condition": "minecraft:random_chance_with_looting",
              "looting_multiplier": 0
            }
          ],
          "functions": [
            {
              "function": "set_nbt",
              "tag": "{display:{Name:\"{\\\"text\\\":\\\"Unstable Creeper\\\",\\\"color\\\":\\\"light_purple\\\",\\\"italic\\\":false}\",Lore:[\"{\\\"text\\\":\\\"Insanemode Mob\\\",\\\"color\\\":\\\"red\\\",\\\"italic\\\":false}\"]},EntityTag:{id:\"minecraft:creeper\",DeathLootTable:\"insanemode:entitiesl/insane/creeper\",PersistenceRequired:1b,Health:100f,powered:1b,ExplosionRadius:50b,Fuse:1200,Tags:[\"buffed\",\"icreeper\"],CustomName:\"{\\\"text\\\":\\\"Unstable Creeper\\\"}\",Attributes:[{Name:generic.maxHealth,Base:100},{Name:generic.movementSpeed,Base:0},{Name:generic.attackDamage,Base:1000}]}}"
            }
          ],
          "name": "minecraft:creeper_spawn_egg",
          "type": "item"
        }
      ],
      "rolls": 1
    },
    {
      "entries": [
        {
          "conditions": [
            {
              "condition": "minecraft:killed_by_player"
            },
            {
              "chance": 0.015,
              "condition": "minecraft:random_chance_with_looting",
              "looting_multiplier": 0
            }
          ],
          "functions": [
            {
              "function": "set_nbt",
              "tag": "{display:{Name:\"{\\\"text\\\":\\\"Broken Spawn Egg\\\",\\\"color\\\":\\\"white\\\",\\\"italic\\\":false}\"},minecrat:egg,EntityTag:{id:\"minecraft:area_effect_cloud\",Particle:\"enchant\",Radius:1f,Duration:1}}"
            }
          ],
          "name": "minecraft:cod_spawn_egg",
          "type": "item"
        }
      ],
      "rolls": 1
    },
    {
      "entries": [
        {
          "conditions": [
            {
              "condition": "minecraft:killed_by_player"
            },
            {
              "chance": 0.015,
              "condition": "minecraft:random_chance_with_looting",
              "looting_multiplier": 0
            }
          ],
          "functions": [
            {
              "function": "set_nbt",
              "tag": "{display:{Name:\"{\\\"text\\\":\\\"Lucky Slime\\\",\\\"color\\\":\\\"light_purple\\\",\\\"italic\\\":false}\"},HideFlags:1,Enchantments:[{id:\"minecraft:efficiency\",lvl:1s}],EntityTag:{DeathLootTable:\"insanemode:entities/luckyslime\",NoAI:1b,Size:0}}"
            }
          ],
          "name": "minecraft:slime_spawn_egg",
          "type": "item"
        }
      ],
      "rolls": 1
    },
    {
      "conditions": [
        {
          "condition": "minecraft:entity_properties",
          "entity": "killer",
          "predicate": {
            "type": "#minecraft:skeletons"
          }
        }
      ],
      "entries": [
        {
          "expand": true,
          "name": "minecraft:music_discs",
          "type": "minecraft:tag"
        }
      ],
      "rolls": 1
    }
  ],
  "type": "minecraft:entity"
}
